{
  "height_cm": 3.5612053251958855,
  "width_cm": 2.3999211603937742,
  "area_cm2": 2.5951931929219287,
  "chest_estimate_cm": 4.7998423207875485,
  "size_estimate": "XS (Extra Small)",
  "pixels_per_cm": 50.418322900301675,
  "correction_applied": true
}