{
  "height_cm": 45.00348027217747,
  "width_cm": 41.3738474428216,
  "area_cm2": 1306.9291818349652,
  "perimeter_cm": 159.31110463735598,
  "pixels_per_cm": 50.418322900301675,
  "aspect_ratio": 0.9193477302776555,
  "validation_passed": true,
  "warnings": []
}