{
  "garment_type": "shirt",
  "measurements": {
    "body_length_cm": 55.0844306738962,
    "body_length_points": {
      "hps": [
        2108,
        342
      ],
      "bottom": [
        2108,
        2636
      ]
    },
    "chest_width_cm": 65.4577846630519,
    "chest_circumference_cm": 130.9155693261038,
    "chest_y": 911,
    "waist_width_cm": 42.8861347792409,
    "waist_y": 1713,
    "hem_width_cm": 43.05422153369481,
    "hem_y": 2527,
    "shoulder_width_cm": 29.535243996901624
  },
  "size_estimate": "XXL+",
  "confidence": 0.8184313518524169,
  "ruler_confidence": 0.6455,
  "classification_confidence": 0.8674378395080566,
  "timestamp": "2025-10-01T12:43:37.676172",
  "image_path": "../test_images_mesurements/ant.jpg",
  "system": "IntelligentGarmentMeasurement v1.0"
}