{
  "garment_type": "trousers",
  "measurements": {
    "length_cm": 56.006354385970305,
    "waist_width_cm": 21.61125566828176,
    "waist_circumference_cm": 43.22251133656352,
    "hip_width_cm": 34.176401558211914,
    "thigh_width_cm": 33.99746751864012,
    "knee_width_cm": 24.39467406162072,
    "hem_width_cm": 5.6463630264876,
    "inseam_cm": 30.3989051672519,
    "rise_cm": 25.607449218718408
  },
  "size_estimate": "24-26 (XS)",
  "confidence": 0.8968467572382308,
  "ruler_confidence": 0.7796168930955768,
  "classification_confidence": 0.95,
  "timestamp": "2025-10-01T04:27:03.591865",
  "image_path": "../test_images_mesurements/ant.jpg",
  "system": "IntelligentGarmentMeasurement v1.0"
}