{
  "garment_type": "shirt",
  "measurements": {
    "body_length_cm": 66.84149184149184,
    "body_length_points": {
      "hps": [
        2108,
        342
      ],
      "bottom": [
        2108,
        2636
      ]
    },
    "chest_width_cm": 79.42890442890443,
    "chest_circumference_cm": 158.85780885780886,
    "chest_y": 911,
    "waist_width_cm": 52.44755244755245,
    "waist_y": 1617,
    "hem_width_cm": 52.243589743589745,
    "hem_y": 2521,
    "shoulder_width_cm": 35.83916083916084
  },
  "size_estimate": "XXL+",
  "confidence": 0.9585483551025391,
  "ruler_confidence": 1.0,
  "classification_confidence": 0.8618278503417969,
  "timestamp": "2025-10-01T12:49:07.531933",
  "image_path": "../test_images_mesurements/ant.jpg",
  "system": "IntelligentGarmentMeasurement v1.0"
}