{
  "garment_type": "shirt",
  "measurements": {
    "body_length_cm": 32.78835159160488,
    "body_length_points": {
      "hps": [
        2108,
        342
      ],
      "bottom": [
        2108,
        2636
      ]
    },
    "chest_width_cm": 38.962967061340414,
    "chest_circumference_cm": 77.92593412268083,
    "chest_y": 911,
    "waist_width_cm": 25.52746117811958,
    "waist_y": 1713,
    "hem_width_cm": 25.62751281767548,
    "hem_y": 2527,
    "shoulder_width_cm": 17.58050237910811
  },
  "size_estimate": "XS",
  "confidence": 0.8184313518524169,
  "ruler_confidence": 0.6455,
  "classification_confidence": 0.8674378395080566,
  "timestamp": "2025-10-01T12:43:55.539072",
  "image_path": "../test_images_mesurements/ant.jpg",
  "system": "IntelligentGarmentMeasurement v1.0"
}