{
  "garment_type": "shirt",
  "measurements": {
    "body_length_cm": 80.70460394623963,
    "body_length_points": {
      "hps": [
        1601,
        394
      ],
      "bottom": [
        1601,
        2670
      ]
    },
    "chest_width_cm": 96.12925364598226,
    "chest_circumference_cm": 192.25850729196452,
    "chest_y": 930,
    "waist_width_cm": 63.2942522161853,
    "waist_y": 1600,
    "hem_width_cm": 62.44323706033743,
    "hem_y": 2536,
    "shoulder_width_cm": 46.167572204746925
  },
  "size_estimate": "XXL+",
  "confidence": 0.8494222524166108,
  "ruler_confidence": 0.6725,
  "classification_confidence": 0.9347408413887024,
  "timestamp": "2025-10-01T12:36:45.519676",
  "image_path": "../test_images_mesurements/ant.jpg",
  "system": "IntelligentGarmentMeasurement v1.0"
}