{
  "garment_type": "shirt",
  "measurements": {
    "body_length_cm": 52.28666666666667,
    "body_length_points": {
      "hps": [
        1605,
        394
      ],
      "bottom": [
        1605,
        2671
      ]
    },
    "chest_width_cm": 62.275555555555556,
    "chest_circumference_cm": 124.55111111111111,
    "chest_y": 930,
    "waist_width_cm": 41.01185185185185,
    "waist_y": 1760,
    "hem_width_cm": 40.52962962962963,
    "hem_y": 2550,
    "shoulder_width_cm": 29.76
  },
  "size_estimate": "XL",
  "confidence": 0.8575387609004974,
  "ruler_confidence": 0.675,
  "classification_confidence": 0.9584625363349915,
  "timestamp": "2025-10-01T12:12:12.492837",
  "image_path": "../test_images_mesurements/ant.jpg",
  "system": "IntelligentGarmentMeasurement v1.0"
}